RMS,Peak_Amplitude,Num_Peaks,ZCR,Amplitude_Range,Spread_Ratio,IQR_Ratio,Spectral_Centroid_Hz,Low_Band_Ratio,High_Band_Ratio,Env_RMS,Env_Peak,Mean_Interval,Std_Interval,Waveform_Skew,Waveform_Kurt,Top1_Bin_Energy,Top1_Bin_Center,Top2_Bin_Energy,Top2_Bin_Center,Top3_Bin_Energy,Top3_Bin_Center,Top4_Bin_Energy,Top4_Bin_Center,Top5_Bin_Energy,Top5_Bin_Center,Top6_Bin_Energy,Top6_Bin_Center,Top7_Bin_Energy,Top7_Bin_Center,Top8_Bin_Energy,Top8_Bin_Center,Top9_Bin_Energy,Top9_Bin_Center,Top10_Bin_Energy,Top10_Bin_Center,Label
2570.2164219947845,2622.0,317,4623.620051362439,105.0,0.04085265449959247,0.0019455252918287938,2463.1708728545786,0.14477533063435605,0.855224669365644,2570.2204236117964,2622.002481145293,0.009437025316455697,0.008133054294907677,-0.16650124062510813,8.934330940162944,330223475.0377313,4950,308561063.9168261,1750,290693109.8218471,50,268647309.7891736,150,262254480.63947046,3550,243403059.46501657,1550,237521508.14182374,2250,218431923.34844172,1650,214414029.6329378,4550,213037707.466412,3350,0
2561.791673990731,2608.0,356,4542.724633812685,100.0,0.03903524097804489,0.00156128024980484,2463.0219105447554,0.1487103950865979,0.8512896049134021,2561.7956532036683,2608.0022339703996,0.008390704225352113,0.006951319526970299,0.025072249891891704,9.55547131668715,313150718.7905306,4950,292654053.89994675,1750,288373569.12934756,150,287041198.5357622,50,257253264.32243496,1550,247756964.5781377,3550,212593099.44036427,2250,208051186.19508222,3350,200347055.4180165,450,197460801.745722,3250,0
2560.379543894271,2612.0,353,4599.579733831427,103.0,0.04022847580166465,0.001953125,2461.8083075951627,0.14130389419912773,0.8586961058008723,2560.3836833590485,2612.0605864753547,0.008463920454545455,0.007134298515751524,0.07939235577391172,9.884149592878224,334513995.90304875,4950,319011322.5472467,50,309755535.35671115,1750,292780896.15635836,2250,269433821.1174607,150,250226271.7153695,1550,248449935.7550204,3550,240469930.0471167,1650,213442488.03938594,3350,211866695.6971894,650,0
2557.823891183564,2609.0,324,4592.034158382814,96.0,0.037531963727636085,0.001954652071931196,2452.4126092753204,0.14905002370727186,0.8509499762927281,2557.8279811664643,2609.0067795107248,0.00921826625386997,0.007051351281056786,0.26636697607400656,9.141871580562528,360720288.1495974,1750,352302640.3033712,4950,327567730.35947144,50,289924414.8489866,150,265826257.32586235,2250,251027203.92248547,3550,232160283.2337704,1550,208957703.01749262,3350,206802995.852149,350,197357697.46022564,3250,0
2562.3674606508466,2615.0,380,4504.669779853235,109.0,0.04253885672582097,0.00195160031225605,2475.4477264063235,0.15976844059014902,0.8402315594098511,2562.371745216801,2615.0088162927664,0.0078034300791556726,0.006008478078101958,-0.13293234125364842,10.76163658949245,541612726.10622,50,337336659.345495,4950,330410192.55000114,1750,281529009.06623435,3550,278884127.15830064,150,235521031.4171694,1550,222666363.681711,4850,216981395.84537694,1650,212818964.53923765,2250,210426196.08055884,3250,0
2560.7297084370434,2619.0,322,4567.41984936346,99.0,0.038660915211623716,0.001952362358453729,2459.0794974730015,0.1666226883730972,0.8333773116269028,2560.733694763659,2619.0004810440596,0.00930373831775701,0.007230063471414441,0.4644943265226779,8.838381258067797,536066336.8967809,50,337494088.9319335,4950,326672364.7483848,1750,288374338.51041466,150,259714629.46935612,1550,246063445.83031446,2250,229153134.65138623,3550,208357658.29678982,3350,206089208.6022017,1650,196156243.65028608,4750,0
2558.879211951641,2611.0,319,4521.608543300517,106.0,0.04142445052666328,0.0023446658851113715,2451.869964892012,0.13985169039524023,0.8601483096047596,2558.8832028057855,2611.019530283434,0.009401886792452829,0.007672059670301604,0.15275862955040723,9.12500667201902,373765372.5073626,1750,316611537.7522923,4950,259086868.345043,3550,256579173.47765458,150,244144164.35525197,50,242632501.3870113,1550,228110609.47648418,3350,223479244.54538542,2250,202985879.24588272,1650,190717625.241791,650,0
2560.215439499898,2611.0,361,4633.169852867581,110.0,0.042965204417382274,0.00234375,2469.6615486771375,0.1491255041142505,0.8508744958857496,2560.2196221951776,2611.003638484525,0.008255,0.006536200688813375,-0.3682706642139274,11.319838074267045,380903090.9414288,50,359633980.1674471,1750,348599651.4097936,4950,270970253.6608249,3550,263470765.28082633,150,249074605.8120625,3350,236534983.55657983,2250,235738827.482612,1550,214164395.48640528,3250,195853897.446931,3450,0
2561.464398113697,2619.0,340,4630.241168818173,110.0,0.042944251831888415,0.00195160031225605,2479.4465127397,0.1382888558415585,0.8617111441584414,2561.4684072821947,2619.000001193871,0.008782005899705014,0.0068184290087569275,-0.04128304278059095,10.886064646905746,331102175.2989625,1750,330725191.9465188,4950,272090902.83822346,50,270988866.01764655,3550,259922501.3045792,2250,253258800.57468045,150,235440296.3396023,1550,218279334.7325669,3350,214811685.08497667,1650,206970217.9551891,4850,0
2559.8622942009542,2609.0,318,4343.357062071718,101.0,0.039455307997605125,0.001953125,2462.3275472930495,0.18409271160695168,0.8159072883930483,2559.866228911689,2609.0002451286223,0.009447318611987382,0.007119398616367735,0.10456729844043826,7.697539977237243,737363412.0708827,50,332017135.8485906,4950,298202501.4841759,1750,250692115.2496102,150,239639556.3731624,3550,234815093.83737403,3350,227659679.42268473,1550,225766832.05370817,2250,209998279.5410314,1650,207952638.28199685,4850,0
2559.225674951577,2609.0,364,4700.663709435346,102.0,0.03985586983480501,0.001953125,2465.3237687769592,0.14694455845214216,0.853055441547858,2559.2298243652926,2609.0827075841116,0.008186225895316805,0.006523559999526991,-0.2631022924579557,11.926030766550545,354700319.4263629,50,354115423.04860914,4950,338157563.0170219,1750,271851592.82138073,3550,268414485.0459532,150,254981192.3659949,3350,237100074.89090484,1550,208465967.48564306,2250,197142690.39793178,4550,196651085.8846126,1350,0
2570.0796078937938,2630.0,337,4612.304817829974,122.0,0.04746942436937153,0.0023346303501945525,2467.9825226315797,0.1408846795795729,0.8591153204204272,2570.083811682874,2630.002021690836,0.008852380952380954,0.007202318181544641,0.29023937824476387,10.754073088348623,352829941.14194953,1750,347896884.1693579,4950,305367810.81516176,50,275174058.8005688,150,259466923.12318838,3550,243881649.07530433,1550,235007102.24463198,1650,222351074.66126007,2250,220697815.7158574,3350,202058941.90847373,4850,0
2564.5512030093055,2618.0,382,4632.014412490825,105.0,0.04094290165043499,0.0019500780031201249,2465.6189628495595,0.1448545923097758,0.8551454076902242,2564.5552984303026,2618.0002490913753,0.007843307086614173,0.006369109224826593,0.16279989724620186,11.7098164530218,346842920.8341832,4950,318690353.0017302,1750,296410333.1222371,150,289857031.34229124,50,265182966.6937775,3550,253664339.59799343,1550,219975045.78965086,2250,215203798.1985804,1650,214746992.0749145,3350,196593485.89454603,3150,0
2565.9470212342744,2613.0,427,4557.523599853231,100.0,0.03897202714795129,0.002338269680436477,2454.079893247368,0.14348002038604477,0.8565199796139553,2565.9510490334933,2613.005783920048,0.006994600938967136,0.006121051488071597,-0.13129757714066415,8.775964935682417,355252861.6469937,1750,344774807.9770752,4950,287450065.1826559,50,280758211.27167207,150,262877191.80423912,2250,259467174.49190837,3550,245480563.98998007,1550,219412042.55994666,1650,199173080.1938637,350,191458983.22626233,4850,0
2567.0056536984926,2617.0,378,4557.494078793742,98.0,0.03817683633431854,0.002337358784573432,2466.7081403422153,0.13802747050752717,0.8619725294924727,2567.0097061629804,2617.002885917119,0.0079315649867374,0.006617538464013619,-0.07596649392915392,8.426710123080367,355325354.9416378,4950,347628852.93520594,1750,292194025.9450489,50,261420874.8443672,3550,249939042.17486066,1550,245983906.31662413,150,230643468.86037785,1650,227640152.61821872,2250,201680260.1700544,3350,191118944.3168282,1350,0
2566.6274934592234,2617.0,406,4591.7550530318185,105.0,0.04090978147675798,0.0019477989871445266,2467.840078907534,0.1495450560766178,0.8504549439233823,2566.6316461836263,2617.0056710768104,0.007365185185185185,0.0067223818366929314,-0.11752832155196283,10.186958164941942,343958864.99158937,4950,341477740.1742476,50,309427352.34286046,1750,284534981.12246656,150,268911704.3314781,3550,222534433.7401293,3350,214274018.0582335,1550,201563734.67497164,3250,201554193.2155096,2250,200533167.55673084,1650,0
2567.671847207787,2618.0,393,4651.186067460714,111.0,0.0432298946965153,0.0019470404984423676,2471.6605431467347,0.13707255527558818,0.8629274447244117,2567.6760935677944,2618.000538063801,0.007613265306122449,0.00628244862822987,-0.20813139880778628,10.018410117632259,360354678.52751184,1750,358045103.4491892,4950,286655969.0632346,50,270123290.9395069,3550,265360037.2853436,1550,256850182.2305933,2250,251809590.6078214,150,228763946.74595463,4550,223524990.27344143,4850,218875255.84818333,1650,0
2568.3464785039323,2618.0,325,4705.62727242403,100.0,0.038935619468121435,0.0019470404984423676,2474.303152519985,0.14001032776188058,0.8599896722381195,2568.3506173634487,2618.1530054842224,0.009215432098765432,0.007107873142914113,-0.015267667834581476,9.305833857053447,336943688.5277616,4950,313613097.6753205,1750,274776157.3750387,150,263981687.95069417,50,259044842.22422647,3550,250743777.6518576,1550,220889151.32600963,3350,212843391.228571,1650,210742128.27821556,4850,198725917.1280514,2250,0
2568.2233981065046,2625.0,367,4587.058038692461,110.0,0.04283123530890772,0.0019470404984423676,2460.795521613005,0.14353578835115804,0.856464211648842,2568.227616690648,2625.000198260528,0.0081724043715847,0.006416698520427575,0.08308941287708503,10.377802934595595,321500484.23140585,4950,296731891.70344275,1750,289746647.84373593,50,280828197.1695626,150,269851229.00417364,3550,248380102.7991913,1550,238245315.1347021,1650,215022601.8264322,4850,213191301.06205398,650,212500081.34457478,3350,0
2568.46922151332,2620.0,372,4599.066044029352,101.0,0.039323095451925416,0.0019470404984423676,2450.450667862632,0.15705292116397235,0.8429470788360276,2568.47329957159,2620.0003861516416,0.008064420485175203,0.006580378074819021,0.1862232650560538,6.083819920361728,423078515.1895491,50,351531496.5365754,1750,324509290.59010744,4950,275063458.27433693,150,273185376.5707482,3550,245195133.80370402,1550,205890542.7291814,4850,205087446.19076845,950,194441484.37175897,1650,192771654.8119974,3150,0
2562.8655712948707,2614.0,341,4541.725035021012,103.0,0.04018945046348882,0.0019508388607101053,2452.9057622966207,0.15288076710396836,0.8471192328960315,2562.869524626034,2614.0002976058986,0.008794117647058824,0.0066301513236422215,-0.12256233823880132,9.604419343205109,370132276.8625419,50,314732409.3328062,1750,300894900.3041825,4950,279149401.3852496,150,258603039.8182108,1550,244746658.53341463,3550,213980717.36591747,3350,201466769.90140238,1650,201093425.7922524,3250,194811022.09861636,4550,0
2566.379593920468,2613.0,395,4609.612113531001,94.0,0.036627532477119015,0.0019485580670303975,2445.6855291036695,0.14654804332209176,0.8534519566779082,2566.3837417481172,2613.0053370512037,0.007583248730964467,0.006418862875405562,-0.3060072097567376,9.29149249664865,359394236.7441833,1750,342952232.82897246,4950,303794025.65054077,150,279759812.35327107,50,243831558.77807084,1550,239051425.2196918,3550,225191227.29137632,1650,214853784.94373646,350,208264196.59026015,650,207418776.1789177,3350,0
2570.2548664577503,2622.0,353,4634.935459124112,103.0,0.04007391353937362,0.0019455252918287938,2460.8486426103623,0.13857676949172246,0.8614232305082775,2570.2591408667663,2622.005793573141,0.008445170454545453,0.006631530184247194,0.015387380991677397,10.052594685469815,370808866.1828621,1750,366307938.70156455,4950,282587628.2995677,150,278249021.1639805,50,277892067.4981661,3550,266084623.13841295,2250,245786127.6766463,1550,240971864.57152468,3350,214645029.8275457,1650,208257619.44702178,3250,0
2561.1982548767733,2614.0,357,4379.440312197726,106.0,0.04138694865550037,0.0023428348301444747,2455.9513556907827,0.20257117216721515,0.7974288278327849,2561.20262028278,2614.0012230373427,0.008368258426966292,0.007075807676180447,0.012667370193159633,10.370824874125336,951551253.7463286,50,370929861.8717036,1750,330374943.4859594,4950,275538662.6421963,150,266901368.79051855,3550,238409325.16818556,3350,226240211.01345193,1550,214697594.77360672,1650,205342232.30525383,4850,196111643.66617978,3250,0
2571.1720042051375,2627.0,329,4622.125958013995,105.0,0.04083747400734729,0.002333722287047841,2454.3698164382295,0.15202810799773608,0.847971892002264,2571.1761633728433,2627.004882181967,0.009111585365853658,0.007940098907277317,-0.20034081042693733,10.147878521676036,392598801.9277199,50,348520313.56176615,4950,342399383.5228452,1750,277780213.48679173,150,263866334.9157481,3550,237939086.81118828,3350,235913713.65384075,1550,211733431.0803842,2250,210870903.27082044,1650,205165934.7018451,650,0
2571.3490258426623,2614.0,333,4606.977441604745,95.0,0.03694564603729601,0.0019447685725398677,2465.826101157399,0.1558295668079667,0.8441704331920332,2571.3531114902357,2614.0007237153773,0.008984337349397591,0.007111512504598647,-0.10377768953954092,7.162820590895704,441545238.70527273,50,328645587.72486895,1750,310363653.74546945,4950,285934070.8422028,150,264455798.62268102,3550,243755554.4325079,3350,239418776.60646793,2250,229503683.06184956,1650,225281692.97144613,1550,201789548.0225811,4850,0
2570.67657348747,2623.0,362,4622.078484979828,105.0,0.04084534633225776,0.0019447685725398677,2467.169065186541,0.14922706323113508,0.850772936768865,2570.6808567667567,2623.0017850103313,0.008244875346260387,0.0069671355586818215,-0.15489465822179893,10.089351948442797,348760941.3962616,50,347840722.3449226,1750,338574089.2787508,4950,299102403.45757765,150,257354480.6981763,3350,252673425.3282752,3550,244681154.97903723,1550,233677562.8929545,2250,219661307.94694766,1650,219124270.19649518,4550,0
2570.873273233804,2617.0,342,4652.67583077539,101.0,0.0392863236906354,0.0019447685725398677,2468.094276490996,0.13527948966976802,0.8647205103302321,2570.8773350552983,2617.009295600691,0.008692961876832845,0.006875133292976996,-0.04402146430941376,7.664447149366538,326506528.26861906,1750,299828065.7085604,4950,278121639.1987057,150,276789089.7105685,3550,262991582.56050086,3350,249415529.36641663,1550,228172092.91922927,1650,217491478.4309402,50,208680292.2003463,2250,201498060.5040024,4850,0
2559.9474657485125,2608.0,344,4448.151608167623,109.0,0.04257906672107802,0.00234375,2453.3268085109808,0.14689422424566614,0.8531057757543339,2559.951548403653,2608.0092353988225,0.008704956268221575,0.006694190853183482,-0.11420831866499168,9.10425332789027,367403395.7744192,4950,328184594.3608645,50,323487089.8919511,1750,269230633.14740705,1550,261643391.77073938,3350,259444401.0958323,150,240881011.9099457,2250,240116697.65361825,3550,215767370.5371974,4850,213233761.2192284,1650,0
2561.8475047739394,2611.0,341,4587.434520036035,99.0,0.0386440470287634,0.00156128024980484,2465.056308261945,0.14098042561218743,0.8590195743878125,2561.8515275089303,2611.000027585017,0.008718823529411765,0.00704800337379981,0.020386546879896095,10.437668873102368,323074672.9313535,4950,314004578.92432654,1750,289080569.5415859,50,270557216.4038576,150,255661657.27855313,3550,249134369.08423734,2250,241860522.44986477,1550,232068006.17698058,3350,213670770.12055874,4550,203826256.83760098,1350,0
2564.0723098711937,2734.0,427,4486.922871630637,364.0,0.14196219137794217,0.0019500780031201249,1957.7678452137957,0.200233215694966,0.7997667843050339,2564.0816350600635,2734.518494952211,0.006996244131455399,0.0063919098644339345,-4.435193793345722,157.365083514498,3522384000.9604483,750,2146966356.8068528,850,1380716161.3539524,650,1162064951.9840758,1050,1096262244.594388,450,1091129183.0103667,50,931373959.4573182,1150,813594963.898288,950,678814247.3491092,550,606732703.2978585,250,1
2567.335256666742,2646.0,398,4529.837552953734,193.0,0.07517539537962278,0.002337358784573432,2192.350576087101,0.21297923176659886,0.7870207682334012,2567.3411494319043,2646.0285444111746,0.00750831234256927,0.006886752619009894,-1.4007630728757614,41.72046873571744,1186053391.024657,850,1013258263.6070468,750,937119789.8046325,450,491639817.2103311,550,489289450.42102253,950,433637227.38159883,350,419850466.59192616,650,359712605.6403543,1050,357830595.29744905,50,348161750.7229053,150,1
2567.4735307516116,2667.0,447,4551.972521425951,228.0,0.08880353357491698,0.0019470404984423676,2054.554059079326,0.23285046209101523,0.7671495379089847,2567.481659803427,2667.009210344888,0.0067058295964125565,0.00645777677022146,-1.9808456173172324,70.11479712408237,1762244035.3879035,850,1482977924.6800923,750,1472951607.9743395,650,1251754570.6517444,550,941752615.7053392,950,847357642.2389911,350,754399175.5606678,450,724879123.8018667,1050,649412742.10871,50,468317685.8810077,250,1
2562.700399896109,2647.0,396,4496.897311002869,204.0,0.07960375433875048,0.0019508388607101053,2085.599517202436,0.19245419572388806,0.8075458042761119,2562.7075985820284,2647.005886111457,0.007541518987341773,0.006523006817859535,-3.0632532984591503,74.43588470684097,1973463619.6112077,750,1281916787.8472989,850,986409427.6654632,650,840241323.5635834,450,745738898.0752451,350,739062886.0815955,950,692898694.0606304,1050,517312412.9422442,550,498858618.15113103,1750,457383523.76172423,50,1
2567.353592324442,2766.0,415,4533.079771794615,587.0,0.22864256487504908,0.0019470404984423676,1634.7972991761887,0.3174975957657356,0.6825024042342643,2567.381190958146,2766.8699948166695,0.007227536231884059,0.006977684597031011,-10.89800279655155,289.0683212602154,11040967152.954971,850,9402177217.694525,50,8267403597.20483,750,3964427107.7984686,950,3796671175.558329,450,3732831725.285639,650,3602566767.113887,1050,3197927432.915029,550,2599317369.414563,1150,1576352106.494059,350,1
2567.3615216470935,2621.0,403,4532.323704049636,112.0,0.0436246422963859,0.002337358784573432,2247.607823834269,0.25978545840577444,0.7402145415942255,2567.366747553763,2621.054348815301,0.007438059701492537,0.006423969357406164,-0.13368184384422335,12.224203902915747,686375667.1748905,450,579350770.2023327,150,572417508.0036149,350,529288758.83823144,650,496051234.88201714,250,449118935.4186139,850,447315172.4195243,550,404883172.0609293,1750,380102132.7120973,750,317013382.2498746,4950,1
2567.5803803594395,2618.0,378,4574.201941358951,111.0,0.04323144814514417,0.0019470404984423676,2305.8811571624483,0.2181511944775189,0.781848805522481,2567.5854246403883,2618.002336388677,0.007924403183023872,0.006758975855651819,-0.19405289489032865,13.745115490692594,585079844.4195675,450,499307832.64260143,650,442698067.697279,550,429684917.805418,150,401498520.77494955,350,399941440.8374405,750,382602689.43606377,850,380654025.3270292,1750,336530373.0776508,4950,320545541.6002416,250,1
2568.8132036568263,2661.0,402,4536.030931271249,211.0,0.08213933345947952,0.0023355391202802647,2087.8186643874687,0.23413213855381068,0.7658678614461892,2568.820560689048,2661.254353016263,0.007387780548628428,0.006638813200410588,-1.1380801801886513,48.08667480133982,1630053066.519375,850,1183631469.2652686,550,994984452.2528396,950,920624265.8214608,650,914684214.1263332,750,803581778.4418658,350,644278178.5172976,450,550544549.2412899,50,481297307.2786742,1750,442740206.09451807,1050,1
2569.1066323730843,2704.0,423,4465.536798558751,276.0,0.10743070896504381,0.0023355391202802647,2046.0761702791203,0.17014528310639215,0.8298547168936078,2569.1154456751183,2704.141834661458,0.00700260663507109,0.006946820189194382,-2.3075875408840703,75.16793273936698,2980537523.9613147,850,2962314044.803775,750,1222073810.613282,650,872027110.2705975,550,821212880.4766552,1050,714997111.9705307,1150,666474230.3159267,450,607311050.3455203,50,528250077.0023095,950,452853404.87865144,150,1
2569.6135363594467,2623.0,376,4553.520797891858,104.0,0.04047309163984929,0.0019455252918287938,2302.431937849887,0.2043431706929061,0.795656829307094,2569.6185800975,2623.0011210022194,0.007958933333333335,0.0069692826169954905,-0.10829455058739326,11.512036071261086,533970305.8583617,850,466731544.0534142,150,463504527.6835913,750,429023696.7879157,450,425079484.8438413,550,419505591.5525108,650,404305377.4822669,250,386829977.82595706,1750,362975814.55366087,4950,284250808.7723958,350,1
2570.008027991864,2654.0,397,4560.707138092061,208.0,0.08093382587943652,0.0023346303501945525,2128.4651885571825,0.19008325967758272,0.8099167403224173,2570.0152220695254,2654.320075366486,0.007532323232323232,0.006851153088568046,-1.9597984602792216,50.749778524646096,1465012261.32875,750,1139257149.374837,650,1030799705.151728,950,849033222.9653711,350,764527112.4228697,1050,710068907.1667595,850,709558756.9604907,550,499576941.3119307,1750,466792058.27943134,450,438583873.1841618,50,1
2568.005513714846,2624.0,425,4430.362860192102,121.0,0.04711837945036964,0.002336448598130841,2231.7043069498336,0.23218929112341025,0.7678107088765896,2568.0109909904522,2624.001394745063,0.0070375,0.006623698474858973,-0.15411356124625114,14.133346767778253,789157840.5206372,750,705724042.5194901,850,678072467.4385947,450,608012959.3596382,550,522973039.1428336,650,420357250.38734955,350,417758414.9567626,150,409519452.8624898,250,389322090.5435775,1750,334579360.95277834,4950,1
2570.714272759796,2621.0,357,4631.512282923903,99.0,0.03851076446959705,0.0019447685725398677,2394.3390437758417,0.18707630980425816,0.8129236901957418,2570.718735838833,2621.0024979906143,0.008387078651685394,0.0074693080921753715,0.04243810167781896,7.904544902988333,400818745.67352796,350,384688201.2965565,1750,383168275.81386304,150,375469149.8487416,4950,284179108.4102554,250,279601982.7513802,450,273798441.16023135,550,258894078.24633384,3550,258797158.00355303,1550,254167112.868159,650,1
2570.1448214181933,2667.0,402,4587.128415574017,187.0,0.07275871378241096,0.0023346303501945525,2202.37202648526,0.21086701907082686,0.7891329809291733,2570.1507511535365,2667.16523424399,0.007435162094763091,0.006504978759726911,-0.32074063934054425,30.817719446696096,884810268.8240186,650,811775584.7571566,750,673166053.0848773,350,645927511.3985869,550,598658110.1853104,850,477871790.5411011,150,414934087.9373288,950,388259788.51444006,450,383137862.73760897,1750,380786453.2289561,1050,1
2570.6715011852134,2715.0,386,4557.798165137615,336.0,0.13070560848349427,0.0019447685725398677,2025.1346883875237,0.21062236454603397,0.7893776354539661,2570.680550295203,2715.2175429186495,0.007768831168831169,0.006903145523191098,-4.2568479196743985,133.41425999238714,3436773017.557979,750,1878050889.259637,850,1398670750.4684649,650,1261488020.083212,550,1107458515.1215742,450,766329005.1852937,50,627255768.0663958,1050,611002823.4425095,1750,586443221.4365505,950,481764826.3436513,150,1
2570.439540314262,2659.0,377,4597.010942087002,197.0,0.07664079740343334,0.0019455252918287938,2136.521998975293,0.1915412032846303,0.8084587967153697,2570.4465343500815,2659.0925200192037,0.00792872340425532,0.0066240233698520255,-1.7727692270326385,51.810152730943955,2002897875.0036724,750,1431697968.4414306,850,908680338.3129325,450,740884025.9750941,950,562179356.0561202,1050,547814070.3940351,550,540824916.6426579,650,441859311.16431975,250,436298701.8888497,1750,391115991.6187284,50,1
2570.3072405427474,2755.0,376,4679.474351277433,417.0,0.16223821759383317,0.0019455252918287938,1876.7673169519433,0.228619915832228,0.7713800841677719,2570.3199701786784,2755.031695336062,0.007942933333333334,0.006881553850370976,-6.999184975690306,213.5626298327358,5870423281.719498,750,3567788556.3633738,850,1987128152.6246362,50,1474965477.0259798,450,1317912420.960811,1050,1296238552.3583226,950,1060145686.1252666,650,972298833.8559052,550,823407089.3866221,1150,780803623.4258687,350,1
2570.929596765673,2655.0,397,4554.765956027091,173.0,0.06729098879514557,0.002333722287047841,2212.9778375362785,0.21654780072742963,0.7834521992725704,2570.9354621597417,2655.004278603889,0.007513383838383838,0.006606906217115453,-0.6372381025030708,27.11337770332932,970144370.8659438,850,894193509.2904627,450,605856737.4214712,650,513847835.01270026,750,467359912.64955926,250,461263856.53300345,550,451009914.64140177,1050,419210615.34820044,950,399933919.0813383,1750,379490336.17088115,150,1
2569.964586275572,2630.0,397,4521.402595669436,118.0,0.04591512050802008,0.0023346303501945525,2311.1345173736386,0.18027245828575905,0.8197275417142409,2569.9696756605395,2630.0591971087965,0.0075151515151515155,0.00694095754515974,-0.1634997862757041,13.862848733305249,677312661.8673903,850,520944374.0017455,750,427501306.16438115,550,389702656.33000267,1750,385458109.92415625,350,369005162.33246595,250,348656880.1226892,950,343755098.98002934,650,335418329.3529728,4950,300377255.85141504,450,1
2568.5003608232973,2617.0,414,4554.240959840026,101.0,0.03932262890226492,0.0019470404984423676,2358.878813824239,0.19641355012866218,0.8035864498713378,2568.5051042407345,2617.023419290523,0.007232687651331718,0.0063759818532137386,-0.13888471572743727,10.2631738617617,474617570.0066874,150,437376389.9017433,250,349315006.45838785,1750,342094109.81358415,750,331396079.6159856,350,311064029.4103296,4950,288242710.3453752,450,276881173.7245245,50,276100974.6876077,1550,274612139.3867561,650,1
2565.487839648576,2661.0,438,4445.519127505587,226.0,0.08809265238087463,0.001949317738791423,2099.4603003847296,0.21355891094274218,0.7864410890572578,2565.4949735440664,2661.0311796300357,0.006813729977116705,0.006095002570876145,-2.0258723728027066,64.87305115297193,1929283079.2345657,750,1660696523.011767,850,885628903.443886,450,853832086.2705188,950,710383778.6518341,550,645325695.0654881,50,644381219.9085001,1050,521122690.7080105,250,437427495.7599416,650,399233738.1630708,1750,1
2556.515768054228,2625.0,351,4505.68883253812,155.0,0.060629521563569926,0.002347417840375587,2243.145780126607,0.18955189180377363,0.8104481081962263,2556.5211760823354,2625.071539360672,0.008476285714285716,0.0073226523632255675,-0.8117656168523225,26.602391133038754,1254682955.6814053,750,880302274.3727763,850,484634994.9589707,50,403110979.9184516,350,388952515.50795925,450,350723030.01038706,4950,346636009.7364405,1750,342374321.96520567,250,332274555.50100046,550,324795209.3121289,950,1
2567.6402280377433,2624.0,404,4482.356080314856,112.0,0.04361990679142712,0.0019470404984423676,2306.0291747771143,0.18871509346842064,0.8112849065315793,2567.6454414517098,2624.020865739179,0.0074086848635235725,0.0064384313709594685,-0.04804394858679605,16.68280343189419,1050601434.4838756,750,491085189.36644125,850,429206905.4227465,250,406310393.36965376,1750,396452939.0821113,450,363219645.62692595,350,357398148.1383085,150,346323126.2959441,50,317864567.68970335,4950,311202402.2603153,550,1
2553.151557117575,2635.0,392,4494.61433287758,213.0,0.08342652790055365,0.0023501762632197414,2170.612031795624,0.177799319325571,0.8222006806744291,2553.1583848341593,2635.0437888548995,0.007633503836317136,0.0069375716580699145,-2.516958374308622,67.60435782115626,1911407556.573368,750,1894407879.7610247,850,625053823.160136,50,579699196.334394,950,476434594.8994652,350,475384584.62517965,150,437231138.20867366,1050,432819291.84697485,550,416162018.6098443,650,388011359.43780524,1750,1
2564.4773101679334,2619.0,434,4495.262876968241,117.0,0.04562341866661352,0.0019500780031201249,2300.8050411237923,0.22727334493735743,0.7727266550626425,2564.48217563476,2619.000256857426,0.006909237875288684,0.005983160172912948,-0.21855734048563258,13.56060548238639,850692140.3654233,450,472962771.2683344,550,365137387.788275,750,348040772.18502694,1750,346934988.97769374,650,344727999.80910885,950,326750213.14182496,4950,310472802.1034907,150,305877000.8974176,850,286893413.26949644,250,1
2567.1284245649335,2625.0,421,4540.919823085364,112.0,0.04362859705129955,0.002337358784573432,2313.4444107648987,0.22117902523468494,0.778820974765315,2567.1332749129942,2625.000422660725,0.00704595238095238,0.006001135432059742,-0.23903895472968392,11.98637213517352,539633427.889525,450,476401684.8299235,750,434314946.6747782,850,424478944.7507863,50,407454795.41009814,350,385912190.3171498,250,375380333.9351146,1750,338719922.22981846,150,335491356.0127346,4950,335472585.8732779,550,1
2567.2447934376173,2620.0,411,4451.556978062279,110.0,0.04284757536155978,0.002337358784573432,2275.388241923363,0.24626802663544542,0.7537319733645547,2567.249805004899,2620.0013660783843,0.007280487804878049,0.006451126561181996,0.11350672663308574,11.083991681982464,575558603.9505162,450,546436431.2334195,150,521984665.94536644,350,481587913.9489478,250,399916605.2463149,850,368373216.7876648,650,357306758.7479815,4950,348875710.38918906,750,348288028.6341681,1750,323782282.8096346,550,1
2566.462638387414,2620.0,424,4534.759714723722,125.0,0.04870526517324024,0.0019485580670303975,2278.8035552368783,0.21872982478776995,0.7812701752122301,2566.4676349272163,2620.002272580801,0.007024113475177305,0.006130602622636226,-0.21677802626213963,15.882193821407132,724606623.2619159,750,568788321.4149995,450,470368667.02609634,150,397364211.208225,650,382965604.82006896,350,367103911.63751984,850,364908021.67986363,1750,359291453.18039846,50,350417232.2477436,4950,342435169.28021395,550,1
2566.481805285522,2683.0,498,4497.347435854659,287.0,0.11182665058635598,0.0019485580670303975,2023.1710137635425,0.1670272329790718,0.8329727670209282,2566.491320655548,2683.387759340073,0.0060223340040241454,0.005915729823205048,-3.164738725660375,94.16504854993484,3724106930.0664973,850,2875187697.4524894,750,1274873498.6732717,650,1262821502.741599,1050,825980987.0004447,1150,813231060.4960878,550,784811984.2830575,50,698003751.5626947,450,533436341.60833156,150,518430592.299557,950,1
2566.7725226299367,2683.0,442,4518.829847559959,247.0,0.09623007566396108,0.002337358784573432,2023.0846279439297,0.3574077783057627,0.6425922216942372,2566.779943000189,2683.034790788507,0.006743764172335602,0.006376459923798218,-1.892737689934137,65.02205429870644,1867078063.1648183,450,1311373857.1979077,650,1243654779.4211097,550,1080956068.5684428,750,1066581774.8696045,350,1040128688.6422253,850,791968590.3865855,250,540981719.0167432,150,468259208.2120234,50,396197702.952985,1750,1
